"Qubit","T1 (us)","T2 (us)","Readout assignment error","Init error","Prob meas0 prep1","Prob meas1 prep0","Readout length (ns)","ID error","Single-qubit gate length (ns)","RX error","Z-axis rotation (rz) error","√x (sx) error","Pauli-X error","CZ error","Gate length (ns)","RZZ error","MEASURE error","MEASURE_2 error","Operational"
"0","208.18524712311927","208.0076275715796","0.0135498046875","1.9369106013095647e-7","0.014892578125","0.01220703125","2180","0.00033301469294428634","32","0.00033301469294428634","0","0.00033301469294428634","0.00033301469294428634","1:0.0008275350320094688","1:68","1:0.0010663110252551733","0.0135498046875","0.292236328125","Yes"
"1","124.31840101043211","141.00721622567974","0.014404296875","0.03701929702994996","0.014404296875","0.014404296875","2180","0.00022948217980323934","32","0.00022948217980323934","0","0.00022948217980323934","0.00022948217980323934","2:0.001039059966208844;0:0.0008275350320094688","2:68;0:68","2:0.0010484215720299728;0:0.0010663110252551733","0.014404296875","0.196533203125","Yes"
"2","279.67397246213886","123.42523746681783","0.014404296875","0.002186069909044492","0.01416015625","0.0146484375","2180","0.0002659701150563674","32","0.0002659701150563674","0","0.0002659701150563674","0.0002659701150563674","1:0.001039059966208844;3:0.001364561435531042","1:68;3:68","1:0.0010484215720299728;3:0.0013774839679356055","0.014404296875","0.012451171875","Yes"
"3","253.63105637388347","331.73252565647397","0.007080078125","0.0007346444823316149","0.0087890625","0.00537109375","2180","0.000489322487289764","32","0.000489322487289764","0","0.000489322487289764","0.000489322487289764","16:0.005969632879598147;2:0.001364561435531042;4:0.002879232836035861","16:68;2:68;4:68","2:0.0013774839679356055;4:0.003282996004819072","0.007080078125","0.004150390625","Yes"
"4","183.76352930135172","36.310490821943176","0.0118408203125","0.004123371536852747","0.0146484375","0.009033203125","2180","0.0004250270694051274","32","0.0004250270694051274","0","0.0004250270694051274","0.0004250270694051274","3:0.002879232836035861;5:0.004419924177975654","3:68;5:68","3:0.003282996004819072;5:0.003055042875080849","0.0118408203125","0.016357421875","Yes"
"5","193.0996724907622","49.67331934044034","0.008056640625","0.0009778620954166376","0.00830078125","0.0078125","2180","0.0005532985610863626","32","0.0005532985610863626","0","0.0005532985610863626","0.0005532985610863626","6:0.00951059207095828;4:0.004419924177975654","6:68;4:68","6:0.004664327206125557;4:0.003055042875080849","0.008056640625","0.0556640625","Yes"
"6","326.62717495658023","85.76353895147304","0.0091552734375","0.0026866424030851798","0.0107421875","0.007568359375","2180","0.00044946480420109374","32","0.00044946480420109374","0","0.00044946480420109374","0.00044946480420109374","5:0.00951059207095828;7:0.011838815329339142","5:68;7:80","5:0.004664327206125557;7:0.006688450931823797","0.0091552734375","0.009765625","Yes"
"7","56.08036443965874","29.94390836933266","0.0140380859375","","0.0126953125","0.015380859375","2180","0.00034811190276885334","32","0.00034811190276885334","0","0.00034811190276885334","0.00034811190276885334","17:0.006332522358437953;6:0.011838815329339142;8:0.007020684688979706","17:68;6:80;8:68","17:0.004418643360480173;6:0.006688450931823797;8:0.004114790756437503","0.0140380859375","0.01318359375","Yes"
"8","292.01112764870055","92.19925325718077","0.003662109375","0.0012438652374969815","0.006103515625","0.001220703125","2180","0.0003752319180299956","32","0.0003752319180299956","0","0.0003752319180299956","0.0003752319180299956","9:0.002623885115441038;7:0.007020684688979706","9:68;7:68","9:0.002162060040286934;7:0.004114790756437503","0.003662109375","0.01806640625","Yes"
"9","121.0204477333487","42.3142252772001","0.005126953125","0.004402409317936195","0.00732421875","0.0029296875","2180","0.000218817123064209","32","0.000218817123064209","0","0.000218817123064209","0.000218817123064209","8:0.002623885115441038;10:0.005642274833039251","8:68;10:68","8:0.002162060040286934;10:0.004194249539053452","0.005126953125","0.0390625","Yes"
"10","315.5770389615311","24.085922439427208","0.00634765625","0.0019547591633073797","0.0078125","0.003173828125","2180","0.00017952820323989747","32","0.00017952820323989747","0","0.00017952820323989747","0.00017952820323989747","9:0.005642274833039251;11:0.0013027630648820843","9:68;11:68","9:0.004194249539053452;11:0.0015135020619305162","0.00634765625","0.001953125","Yes"
"11","402.6196921677739","106.43996233873125","0.00537109375","0.005150112449425878","0.0048828125","0.005859375","2180","0.00023473846275295107","32","0.00023473846275295107","0","0.00023473846275295107","0.00023473846275295107","18:0.002018926413077965;10:0.0013027630648820843;12:0.0013108039552390538","18:68;10:68;12:68","18:0.00202750970369589;10:0.0015135020619305162;12:0.0011883979202994","0.00537109375","0.001220703125","Yes"
"12","317.29000424376045","308.31969184633846","0.036865234375","","0.052978515625","0.020751953125","2180","0.000334054565933689","32","0.000334054565933689","0","0.000334054565933689","0.000334054565933689","13:0.0015254307742404438;11:0.0013108039552390538","13:68;11:68","13:0.0016443729368048332;11:0.0011883979202994","0.036865234375","0.045166015625","Yes"
"13","295.21775990044483","450.92156802037573","0.0106201171875","0.003897063317439786","0.008056640625","0.01318359375","2180","0.00039519048956201757","32","0.00039519048956201757","0","0.00039519048956201757","0.00039519048956201757","12:0.0015254307742404438;14:0.0013324332656880766","12:68;14:68","12:0.0016443729368048332;14:0.0012714946395014082","0.0106201171875","0.008056640625","Yes"
"14","353.95510637339015","440.66072473861146","0.026611328125","","0.031494140625","0.021728515625","2180","0.00012114840034517518","32","0.00012114840034517518","0","0.00012114840034517518","0.00012114840034517518","15:0.0020114848929728424;13:0.0013324332656880766","15:68;13:68","15:0.00181569101833029;13:0.0012714946395014082","0.026611328125","0.022705078125","Yes"
"15","307.28041860489606","307.51799031993335","0.0054931640625","0.003420132060945805","0.005615234375","0.00537109375","2180","0.0001230075760148428","32","0.0001230075760148428","0","0.0001230075760148428","0.0001230075760148428","14:0.0020114848929728424;19:0.0017027037523688893","14:68;19:68","14:0.00181569101833029;19:0.001883622527997314","0.0054931640625","0.00537109375","Yes"
"16","307.2601918044357","193.51818038917588","0.01171875","","0.014892578125","0.008544921875","2180","0.00014878649569545794","32","0.00014878649569545794","0","0.00014878649569545794","0.00014878649569545794","23:0.0013135293800221604;3:0.005969632879598147","23:68;3:68","23:0.0010198148737358692","0.01171875","0.026611328125","Yes"
"17","226.0031124877062","70.0885747564289","0.010009765625","0.0016995658163079543","0.013916015625","0.006103515625","2180","0.0002927213292954707","32","0.0002927213292954707","0","0.0002927213292954707","0.0002927213292954707","7:0.006332522358437953;27:0.0012994409796859008","7:68;27:68","7:0.004418643360480173;27:0.0014514480851181566","0.010009765625","0.00390625","Yes"
"18","127.9385694085876","105.61226754054347","0.016845703125","0.006087110260508004","0.030029296875","0.003662109375","2180","0.0007520228823359766","32","0.0007520228823359766","0","0.0007520228823359766","0.0007520228823359766","11:0.002018926413077965;31:0.005904117206652626","11:68;31:68","11:0.00202750970369589;31:0.002052852700480279","0.016845703125","0.0087890625","Yes"
"19","159.01420627691257","171.48879820190857","0.025634765625","0.0060446027832146716","0.01953125","0.03173828125","2180","0.00038584415863359393","32","0.00038584415863359393","0","0.00038584415863359393","0.00038584415863359393","35:0.0010931986185952203;15:0.0017027037523688893","35:68;15:68","35:0.0015345062819416277;15:0.001883622527997314","0.025634765625","0.01513671875","Yes"
"20","300.7352915650815","70.63047017703377","0.010986328125","0.0020023153563456424","0.013916015625","0.008056640625","2180","0.00036489607191322415","32","0.00036489607191322415","0","0.00036489607191322415","0.00036489607191322415","21:0.0020911554061594506","21:68","21:0.0026884936030487916","0.010986328125","0.00830078125","Yes"
"21","401.83320940987863","431.13863089296075","0.0072021484375","0.0005036278234769393","0.00830078125","0.006103515625","2180","0.00016840164194660006","32","0.00016840164194660006","0","0.00016840164194660006","0.00016840164194660006","36:0.0015051838837529252;20:0.0020911554061594506;22:0.001917509569953818","36:68;20:68;22:68","36:0.0011929411133624057;20:0.0026884936030487916;22:0.0018154637376239513","0.0072021484375","0.00341796875","Yes"
"22","127.79281832996567","111.00146906444566","0.0220947265625","","0.020263671875","0.02392578125","2180","0.00036318773581383174","32","0.00036318773581383174","0","0.00036318773581383174","0.00036318773581383174","23:0.0016860325616327443;21:0.001917509569953818","23:68;21:68","23:0.0014307549881527881;21:0.0018154637376239513","0.0220947265625","0.0283203125","Yes"
"23","318.43910702246944","61.90815196047269","0.0076904296875","0.00146478403927886","0.008544921875","0.0068359375","2180","0.00009004599594800826","32","0.00009004599594800826","0","0.00009004599594800826","0.00009004599594800826","22:0.0016860325616327443;24:0.0018612876977206483;16:0.0013135293800221604","22:68;24:68;16:68","22:0.0014307549881527881;24:0.0014619789017516205;16:0.0010198148737358692","0.0076904296875","0.008544921875","Yes"
"24","284.3645022168127","45.26031432941898","0.022705078125","","0.028564453125","0.016845703125","2180","0.00042193688990729963","32","0.00042193688990729963","0","0.00042193688990729963","0.00042193688990729963","23:0.0018612876977206483;25:0.002450072539341347","23:68;25:68","23:0.0014619789017516205;25:0.0027771973378162285","0.022705078125","0.039794921875","Yes"
"25","352.84390034740477","23.191642169192217","0.0072021484375","0.00239759637680923","0.0107421875","0.003662109375","2180","0.00026027204073525716","32","0.00026027204073525716","0","0.00026027204073525716","0.00026027204073525716","24:0.002450072539341347;26:0.0016325610743658514;37:0.0018182796568329274","24:68;26:68;37:68","24:0.0027771973378162285;26:0.002097519719566482;37:0.002655243566216353","0.0072021484375","0.00927734375","Yes"
"26","204.67643903148485","91.86223766945321","0.0166015625","0.0012341626652039596","0.021484375","0.01171875","2180","0.00021743550115815144","32","0.00021743550115815144","0","0.00021743550115815144","0.00021743550115815144","25:0.0016325610743658514;27:0.001687842650119259","25:68;27:68","25:0.002097519719566482;27:0.001718958764542755","0.0166015625","0.023681640625","Yes"
"27","347.46985387893125","47.16863218350931","0.012939453125","0.0065635342897453295","0.01708984375","0.010498046875","2180","0.000242116162582748","32","0.000242116162582748","0","0.000242116162582748","0.000242116162582748","26:0.001687842650119259;28:0.0013492136149841627;17:0.0012994409796859008","26:68;28:68;17:68","26:0.001718958764542755;28:0.0012909181556959304;17:0.0014514480851181566","0.012939453125","0.02197265625","Yes"
"28","228.899346957805","264.2887810154916","0.0115966796875","0.0019550152187422115","0.017333984375","0.005859375","2180","0.00019776796042437795","32","0.00019776796042437795","0","0.00019776796042437795","0.00019776796042437795","27:0.0013492136149841627;29:0.0025354760230276996","27:68;29:68","27:0.0012909181556959304;29:0.002564900440691603","0.0115966796875","0.008544921875","Yes"
"29","170.43162562041","77.46245699870599","0.009033203125","0.0009508319628410147","0.0107421875","0.00732421875","2180","0.00016943088716059787","32","0.00016943088716059787","0","0.00016943088716059787","0.00016943088716059787","38:0.005300702925209955;28:0.0025354760230276996;30:0.0018419182360543962","38:68;28:68;30:80","38:0.0030200444989952058;28:0.002564900440691603;30:0.0011961438122350954","0.009033203125","0.0048828125","Yes"
"30","284.49631131817176","63.69266983510511","0.0084228515625","0.0010244458472245669","0.010986328125","0.005859375","2180","0.00025223542295247975","32","0.00025223542295247975","0","0.00025223542295247975","0.00025223542295247975","31:0.003171427386588127;29:0.0018419182360543962","31:68;29:80","31:0.001923271129775972;29:0.0011961438122350954","0.0084228515625","0.00732421875","Yes"
"31","257.0187514804815","267.6185035323338","0.01953125","","0.021484375","0.017578125","2180","0.0001332618661168544","32","0.0001332618661168544","0","0.0001332618661168544","0.0001332618661168544","30:0.003171427386588127;32:0.0019251927095417787;18:0.005904117206652626","30:68;32:68;18:68","30:0.001923271129775972;32:0.0019080583716873933;18:0.002052852700480279","0.01953125","0.086669921875","Yes"
"32","163.26374890396156","258.25667397901753","0.0274658203125","","0.031494140625","0.0234375","2180","0.0002977324662704942","32","0.0002977324662704942","0","0.0002977324662704942","0.0002977324662704942","31:0.0019251927095417787;33:0.0029143688944335555","31:68;33:68","31:0.0019080583716873933;33:0.0016744840710559983","0.0274658203125","0.015380859375","Yes"
"33","246.56763332342675","352.33858766726576","0.0123291015625","0.0013822635176778872","0.0126953125","0.011962890625","2180","0.00010389340700557","32","0.00010389340700557","0","0.00010389340700557","0.00010389340700557","39:0.00225446817464911;32:0.0029143688944335555;34:0.0023509838809708528","39:68;32:68;34:108","39:0.0015503302945885922;32:0.0016744840710559983;34:0.002746091843658399","0.0123291015625","0.013916015625","Yes"
"34","204.5217933321788","215.94802729585254","0.026123046875","","0.029541015625","0.022705078125","2180","0.00016152158062415127","32","0.00016152158062415127","0","0.00016152158062415127","0.00016152158062415127","33:0.0023509838809708528;35:0.0019208470878332995","33:108;35:68","33:0.002746091843658399;35:0.0018973098172355707","0.026123046875","0.0185546875","Yes"
"35","238.70888750077043","274.03685318537714","0.022705078125","","0.02197265625","0.0234375","2180","0.00009772811683522559","32","0.00009772811683522559","0","0.00009772811683522559","0.00009772811683522559","19:0.0010931986185952203;34:0.0019208470878332995","19:68;34:68","19:0.0015345062819416277;34:0.0018973098172355707","0.022705078125","0.039306640625","Yes"
"36","206.73579259195915","213.94884375250234","0.0076904296875","0.0036999261078118637","0.00830078125","0.007080078125","2180","0.00018413583702522285","32","0.00018413583702522285","0","0.00018413583702522285","0.00018413583702522285","41:0.001903107227922085;21:0.0015051838837529252","41:68;21:68","41:0.0019276966835042042;21:0.0011929411133624057","0.0076904296875","0.008056640625","Yes"
"37","88.75803842957998","24.880558337075094","0.008056640625","0.0017424353009500744","0.013671875","0.00244140625","2180","0.0003891057786950779","32","0.0003891057786950779","0","0.0003891057786950779","0.0003891057786950779","45:0.0019349181182239106;25:0.0018182796568329274","45:68;25:68","45:0.0030356011234513314;25:0.002655243566216353","0.008056640625","0.010498046875","Yes"
"38","221.7959062871641","104.67112445686017","0.0093994140625","0.002970850772755099","0.01318359375","0.005615234375","2180","0.00019822437870521453","32","0.00019822437870521453","0","0.00019822437870521453","0.00019822437870521453","29:0.005300702925209955;49:0.001357954231090891","29:68;49:68","29:0.0030200444989952058;49:0.001342431795868293","0.0093994140625","0.01171875","Yes"
"39","191.28892507495732","120.63493676909206","0.0216064453125","0.002384052561589962","0.02294921875","0.020263671875","2180","0.00029192079273958473","32","0.00029192079273958473","0","0.00029192079273958473","0.00029192079273958473","53:0.0025187041532169774;33:0.00225446817464911","53:68;33:68","53:0.0014610207029551459;33:0.0015503302945885922","0.0216064453125","0.0498046875","Yes"
"40","239.89577883713787","37.98828222926947","0.0047607421875","0.002442607840201677","0.006103515625","0.00341796875","2180","0.0006489746138322463","32","0.0006489746138322463","0","0.0006489746138322463","0.0006489746138322463","41:0.004222168528181691","41:68","41:0.0024236269159770008","0.0047607421875","0.03369140625","Yes"
"41","231.16336826200484","35.5997602816162","0.0115966796875","0.0031833931509182203","0.01025390625","0.012939453125","2180","0.00039849874055908737","32","0.00039849874055908737","0","0.00039849874055908737","0.00039849874055908737","40:0.004222168528181691;42:0.0024819704416817467;36:0.001903107227922085","40:68;42:68;36:68","40:0.0024236269159770008;42:0.0022441381704781382;36:0.0019276966835042042","0.0115966796875","0.0107421875","Yes"
"42","374.7919954679209","73.65919786959219","0.0068359375","0.0009799924536884744","0.00927734375","0.00439453125","2180","0.00023551339377310792","32","0.00023551339377310792","0","0.00023551339377310792","0.00023551339377310792","41:0.0024819704416817467;43:0.0024922404381564067","41:68;43:68","41:0.0022441381704781382;43:0.0021460791908833043","0.0068359375","0.003173828125","Yes"
"43","191.4782024923798","30.401631760504213","0.0093994140625","0.001161790148583927","0.01416015625","0.004638671875","2180","0.0005024610434248115","32","0.0005024610434248115","0","0.0005024610434248115","0.0005024610434248115","42:0.0024922404381564067;56:0.0037179526047935174;44:0.0024698797221790747","42:68;56:68;44:68","42:0.0021460791908833043;56:0.0032414177317375004;44:0.002256399617884125","0.0093994140625","0.0078125","Yes"
"44","279.8043920103291","247.58460268840128","0.0047607421875","0.0014702663471463254","0.0078125","0.00146484375","2180","0.0001747384552220382","32","0.0001747384552220382","0","0.0001747384552220382","0.0001747384552220382","45:0.002716021923501205;43:0.0024698797221790747","45:68;43:68","45:0.002156668565848452;43:0.002256399617884125","0.0047607421875","0.049560546875","Yes"
"45","290.02817991448217","162.357965947057","0.0118408203125","0.004217361820273933","0.013427734375","0.01025390625","2180","0.0002823358388742292","32","0.0002823358388742292","0","0.0002823358388742292","0.0002823358388742292","44:0.002716021923501205;46:0.0018245593123116244;37:0.0019349181182239106","44:68;46:68;37:68","44:0.002156668565848452;46:0.0020592209940858974;37:0.0030356011234513314","0.0118408203125","0.00439453125","Yes"
"46","147.6123674508708","84.70965518252498","0.012451171875","0.002140121749968756","0.0185546875","0.00634765625","2180","0.00026580510406159396","32","0.00026580510406159396","0","0.00026580510406159396","0.00026580510406159396","45:0.0018245593123116244;47:0.001454792065997107","45:68;47:68","45:0.0020592209940858974;47:0.0017981347893159805","0.012451171875","0.00634765625","Yes"
"47","398.3869610589055","353.3267080022122","0.0128173828125","0.001312729645132291","0.013671875","0.011962890625","2180","0.0003602971243626696","32","0.0003602971243626696","0","0.0003602971243626696","0.0003602971243626696","48:0.003115574347914901;57:0.0017522667595184782;46:0.001454792065997107","48:68;57:68;46:68","48:0.0025217106707920434;57:0.0013898626430175753;46:0.0017981347893159805","0.0128173828125","0.004638671875","Yes"
"48","138.27541807597476","19.62670487707036","0.005859375","0.0009799554979427012","0.00732421875","0.00439453125","2180","0.00030114289344518113","32","0.00030114289344518113","0","0.00030114289344518113","0.00030114289344518113","47:0.003115574347914901;49:0.00217955138866896","47:68;49:68","47:0.0025217106707920434;49:0.004042730864046135","0.005859375","0.008056640625","Yes"
"49","257.82623198333613","105.36093175785388","0.010986328125","0.0067603541233586485","0.010009765625","0.011962890625","2180","0.0002621298436974152","32","0.0002621298436974152","0","0.0002621298436974152","0.0002621298436974152","48:0.00217955138866896;50:0.001728568461345642;38:0.001357954231090891","48:68;50:68;38:68","48:0.004042730864046135;50:0.001655048869114023;38:0.001342431795868293","0.010986328125","0.004638671875","Yes"
"50","270.39591112085265","239.9413434731547","0.00634765625","0.00025464012021774113","0.009521484375","0.003173828125","2180","0.0001776404128909868","32","0.0001776404128909868","0","0.0001776404128909868","0.0001776404128909868","49:0.001728568461345642;51:0.0012433254309942021","49:68;51:68","49:0.001655048869114023;51:0.0013889852241972256","0.00634765625","0.0146484375","Yes"
"51","239.13424660768754","210.3070557163244","0.0667724609375","","0.096435546875","0.037109375","2180","0.00012629609537073531","32","0.00012629609537073531","0","0.00012629609537073531","0.00012629609537073531","50:0.0012433254309942021;52:0.002695879320988609;58:0.0025991883081092626","50:68;52:68;58:68","50:0.0013889852241972256;52:0.00163828858613696;58:0.0014331866916572622","0.0667724609375","0.029541015625","Yes"
"52","257.78505074070495","61.2318388381897","0.0185546875","0.0053528763476624105","0.02880859375","0.00830078125","2180","0.0004683842116494184","32","0.0004683842116494184","0","0.0004683842116494184","0.0004683842116494184","51:0.002695879320988609;53:0.0015112391377698764","51:68;53:68","51:0.00163828858613696;53:0.0013461856590317733","0.0185546875","0.013671875","Yes"
"53","415.26913497475067","60.18725232082047","0.0078125","0.0007351251557817235","0.00830078125","0.00732421875","2180","0.00011831970504901218","32","0.00011831970504901218","0","0.00011831970504901218","0.00011831970504901218","39:0.0025187041532169774;52:0.0015112391377698764;54:0.0009573010644363389","39:68;52:68;54:68","39:0.0014610207029551459;52:0.0013461856590317733;54:0.0012156367026676385","0.0078125","0.005859375","Yes"
"54","153.13729711575917","191.06875164660082","0.0460205078125","","0.045654296875","0.04638671875","2180","0.0003140962576699282","32","0.0003140962576699282","0","0.0003140962576699282","0.0003140962576699282","53:0.0009573010644363389;55:0.0016824782990725595","53:68;55:68","53:0.0012156367026676385;55:0.001278915649607748","0.0460205078125","0.04150390625","Yes"
"55","311.4175645807664","82.46238532820118","0.009521484375","0.003457058887634774","0.009033203125","0.010009765625","2180","0.0001526315819779451","32","0.0001526315819779451","0","0.0001526315819779451","0.0001526315819779451","59:0.0013452651490134804;54:0.0016824782990725595","59:68;54:68","59:0.002797461500084336;54:0.001278915649607748","0.009521484375","0.003173828125","Yes"
"56","349.8035941550507","34.961675665069365","0.01318359375","0.00921628473459772","0.013671875","0.0126953125","2180","0.00018407714680778822","32","0.00018407714680778822","0","0.00018407714680778822","0.00018407714680778822","63:0.002489042903344646;43:0.0037179526047935174","63:68;43:68","63:0.002160597902625655;43:0.0032414177317375004","0.01318359375","0.010986328125","Yes"
"57","393.35667954491726","366.73773509487677","0.0107421875","0.00385896834304274","0.014404296875","0.007080078125","2180","0.0002527043115055189","32","0.0002527043115055189","0","0.0002527043115055189","0.0002527043115055189","47:0.0017522667595184782;67:0.0018294161400519426","47:68;67:68","47:0.0013898626430175753;67:0.002545204723455291","0.0107421875","0.0146484375","Yes"
"58","304.10418153287225","174.4439605842641","0.0079345703125","0.0015761471727641953","0.005126953125","0.0107421875","2180","0.00022566726490246057","32","0.00022566726490246057","0","0.00022566726490246057","0.00022566726490246057","71:0.0016225294388534095;51:0.0025991883081092626","71:68;51:68","71:0.0011342794720230753;51:0.0014331866916572622","0.0079345703125","0.0087890625","Yes"
"59","385.3327792474776","490.0051900200707","0.0062255859375","0.002065968888936686","0.010009765625","0.00244140625","2180","0.00017383963976270675","32","0.00017383963976270675","0","0.00017383963976270675","0.00017383963976270675","55:0.0013452651490134804;75:0.002065785721557606","55:68;75:68","55:0.002797461500084336;75:0.0017744287252877688","0.0062255859375","0.00537109375","Yes"
"60","267.0612958167407","30.554848249426936","0.00732421875","0.006103612698203735","0.009765625","0.0048828125","2180","0.0003745871334400737","32","0.0003745871334400737","0","0.0003745871334400737","0.0003745871334400737","61:0.0025491313422449924","61:68","61:0.0022802512222365456","0.00732421875","0.004150390625","Yes"
"61","224.30845572784727","35.89108169805851","0.0069580078125","0.0025456157875966977","0.00732421875","0.005859375","2180","0.00015112204872025562","32","0.00015112204872025562","0","0.00015112204872025562","0.00015112204872025562","76:0.0022306922607478463;60:0.0025491313422449924;62:0.001555656163145347","76:68;60:68;62:68","76:0.00243056139896608;60:0.0022802512222365456;62:0.002008137765541207","0.0069580078125","0.011962890625","Yes"
"62","243.82445154868688","73.58598057013235","0.0093994140625","0.002642070099133431","0.00537109375","0.013427734375","2180","0.0002307106728314469","32","0.0002307106728314469","0","0.0002307106728314469","0.0002307106728314469","61:0.001555656163145347;63:0.002050187826753591","61:68;63:68","61:0.002008137765541207;63:0.002655795723500831","0.0093994140625","0.011474609375","Yes"
"63","223.9486427289458","42.96139378941464","0.009521484375","0.005076406885135002","0.009765625","0.00927734375","2180","0.0003261129224354162","32","0.0003261129224354162","0","0.0003261129224354162","0.0003261129224354162","56:0.002489042903344646;62:0.002050187826753591;64:0.0025375832587484493","56:68;62:68;64:68","56:0.002160597902625655;62:0.002655795723500831;64:0.0018857598245274054","0.009521484375","0.025146484375","Yes"
"64","184.68962692765092","29.432667660233072","0.005859375","0.0007115528722578293","0.00634765625","0.00537109375","2180","0.00028751467376866526","32","0.00028751467376866526","0","0.00028751467376866526","0.00028751467376866526","65:0.004747428520521874;63:0.0025375832587484493","65:68;63:68","65:0.0019920909879250215;63:0.0018857598245274054","0.005859375","0.006591796875","Yes"
"65","314.49795537856363","207.21132942917347","0.010009765625","0.006102445845902967","0.01318359375","0.0068359375","2180","0.00044939909862774574","32","0.00044939909862774574","0","0.00044939909862774574","0.00044939909862774574","64:0.004747428520521874;66:0.0020358457314349765;77:0.0025243403363706673","64:68;66:68;77:68","64:0.0019920909879250215;66:0.001676657476132326;77:0.0025425127025282823","0.010009765625","0.00537109375","Yes"
"66","97.80115934505962","121.38924383694616","0.01025390625","0.00348942986434107","0.013916015625","0.006591796875","2180","0.0004096354519124766","32","0.0004096354519124766","0","0.0004096354519124766","0.0004096354519124766","65:0.0020358457314349765;67:0.0018510588336861922","65:68;67:68","65:0.001676657476132326;67:0.0022572673750628214","0.01025390625","0.010009765625","Yes"
"67","328.7124874093778","61.68409804394975","0.02978515625","0.0036310804656992535","0.0478515625","0.01171875","2180","0.00035502401522055985","32","0.00035502401522055985","0","0.00035502401522055985","0.00035502401522055985","68:0.001583651967085764;57:0.0018294161400519426;66:0.0018510588336861922","68:68;57:68;66:68","68:0.001984465774107408;57:0.002545204723455291;66:0.0022572673750628214","0.02978515625","0.00732421875","Yes"
"68","136.85895196696998","117.78410760344734","0.01025390625","0.0027687682338470064","0.0107421875","0.009765625","2180","0.00014611443250960648","32","0.00014611443250960648","0","0.00014611443250960648","0.00014611443250960648","67:0.001583651967085764;69:0.0014000704481181847","67:68;69:68","67:0.001984465774107408;69:0.0014813062057179582","0.01025390625","0.015380859375","Yes"
"69","246.0273552887309","193.8464464882243","0.00927734375","0.000977679087216498","0.00830078125","0.01025390625","2180","0.0000904263629982169","32","0.0000904263629982169","0","0.0000904263629982169","0.0000904263629982169","78:0.0016626202510414412;68:0.0014000704481181847;70:0.0028584746276706374","78:68;68:68;70:68","78:0.0017440081980542033;68:0.0014813062057179582;70:0.0020887972331589955","0.00927734375","0.007568359375","Yes"
"70","246.3410616986769","220.79111931648927","0.0167236328125","","0.02001953125","0.013427734375","2180","0.00014013007377599966","32","0.00014013007377599966","0","0.00014013007377599966","0.00014013007377599966","69:0.0028584746276706374;71:0.00269920247574007","69:68;71:68","69:0.0020887972331589955;71:0.0015342926860596462","0.0167236328125","0.052490234375","Yes"
"71","262.32135311322554","180.62784467481387","0.0062255859375","0.0026855116546234264","0.00830078125","0.004150390625","2180","0.00012589717410202216","32","0.00012589717410202216","0","0.00012589717410202216","0.00012589717410202216","72:0.001506898321637501;58:0.0016225294388534095;70:0.00269920247574007","72:68;58:68;70:68","72:0.0010082206647847869;58:0.0011342794720230753;70:0.0015342926860596462","0.0062255859375","0.017333984375","Yes"
"72","185.38160970125807","92.01018340220158","0.018310546875","","0.02197265625","0.0146484375","2180","0.00019721463064888942","32","0.00019721463064888942","0","0.00019721463064888942","0.00019721463064888942","73:0.0015145324146641492;71:0.001506898321637501","73:68;71:68","73:0.0017813590850870586;71:0.0010082206647847869","0.018310546875","0.0341796875","Yes"
"73","101.14548495894745","81.7825809052744","0.0283203125","","0.023681640625","0.032958984375","2180","0.00024362344119773914","32","0.00024362344119773914","0","0.00024362344119773914","0.00024362344119773914","72:0.0015145324146641492;74:0.0013223359093953169;79:0.001810844925163202","72:68;74:68;79:68","72:0.0017813590850870586;74:0.0012929143208410265;79:0.0013345919996801403","0.0283203125","0.025634765625","Yes"
"74","284.52228006947763","170.0334781818868","0.00732421875","0.0026932659311320072","0.0078125","0.0068359375","2180","0.00024560393250779093","32","0.00024560393250779093","0","0.00024560393250779093","0.00024560393250779093","73:0.0013223359093953169;75:0.001313104676813226","73:68;75:68","73:0.0012929143208410265;75:0.0011633645939314041","0.00732421875","0.00732421875","Yes"
"75","274.23077249936637","141.43762871088686","0.0146484375","","0.018310546875","0.010986328125","2180","0.0001276908097354551","32","0.0001276908097354551","0","0.0001276908097354551","0.0001276908097354551","59:0.002065785721557606;74:0.001313104676813226","59:68;74:68","59:0.0017744287252877688;74:0.0011633645939314041","0.0146484375","0.061767578125","Yes"
"76","197.96559729929743","49.80830762258305","0.0115966796875","0.0024166251916365455","0.014404296875","0.0087890625","2180","0.00031276595219200743","32","0.00031276595219200743","0","0.00031276595219200743","0.00031276595219200743","81:0.0018354464155005967;61:0.0022306922607478463","81:68;61:68","81:0.0017782455966459942;61:0.00243056139896608","0.0115966796875","0.014892578125","Yes"
"77","256.3423912760463","211.7157822680119","0.010498046875","0.0004293411443917922","0.015869140625","0.005126953125","2180","0.00013375179922656968","32","0.00013375179922656968","0","0.00013375179922656968","0.00013375179922656968","85:0.0050945533229438955;65:0.0025243403363706673","85:68;65:68","85:0.004795089004086706;65:0.0025425127025282823","0.010498046875","0.005126953125","Yes"
"78","244.64518785666445","28.831051500008193","0.035888671875","","0.03515625","0.0361328125","2180","0.00027433798907573726","32","0.00027433798907573726","0","0.00027433798907573726","0.00027433798907573726","69:0.0016626202510414412;89:0.0022733918563883904","69:68;89:68","69:0.0017440081980542033;89:0.0018770245932512586","0.035888671875","0.044921875","Yes"
"79","27.326372545392772","77.87514151092317","0.0087890625","0.0022059003020505554","0.011474609375","0.006103515625","2180","0.00020376719472711113","32","0.00020376719472711113","0","0.00020376719472711113","0.00020376719472711113","93:0.001808758774416136;73:0.001810844925163202","93:68;73:68","93:0.0012685279803769656;73:0.0013345919996801403","0.0087890625","0.00830078125","Yes"
"80","245.70908505968043","239.38946919400755","0.0411376953125","","0.038330078125","0.0439453125","2180","0.00027905009615597194","32","0.00027905009615597194","0","0.00027905009615597194","0.00027905009615597194","81:0.0011999692780732818","81:68","81:0.001262916302734729","0.0411376953125","0.500244140625","Yes"
"81","305.31972439519717","279.2213742687376","0.0118408203125","0.010700658016683776","0.015625","0.008056640625","2180","0.0002084568589847024","32","0.0002084568589847024","0","0.0002084568589847024","0.0002084568589847024","80:0.0011999692780732818;82:0.001550450913386292;76:0.0018354464155005967","80:68;82:68;76:68","80:0.001262916302734729;82:0.0015836237047350543;76:0.0017782455966459942","0.0118408203125","0.039306640625","Yes"
"82","272.6614767271772","286.18044413654667","0.0123291015625","0.0022148400897032436","0.013916015625","0.0107421875","2180","0.00013785003950298383","32","0.00013785003950298383","0","0.00013785003950298383","0.00013785003950298383","81:0.001550450913386292;83:0.0008662635330463631","81:68;83:68","81:0.0015836237047350543;83:0.0015316618165300833","0.0123291015625","0.062255859375","Yes"
"83","332.40252856915566","255.04735617342587","0.0242919921875","","0.0263671875","0.022216796875","2180","0.0002400511825589125","32","0.0002400511825589125","0","0.0002400511825589125","0.0002400511825589125","96:0.0014662565901761015;82:0.0008662635330463631;84:0.0022147556176840555","96:68;82:68;84:68","96:0.0011872554786416245;82:0.0015316618165300833;84:0.0021438645376679055","0.0242919921875","0.0302734375","Yes"
"84","284.7644302066609","57.42367221454457","0.0115966796875","0.007644984441760889","0.01611328125","0.007080078125","2180","0.000509398362385971","32","0.000509398362385971","0","0.000509398362385971","0.000509398362385971","83:0.0022147556176840555;85:0.03452729971484092","83:68;85:68","83:0.0021438645376679055;85:0.039300142465499066","0.0115966796875","0.0126953125","Yes"
"85","162.1958330169281","99.09111711987956","0.0108642578125","0.0070776741540780515","0.013916015625","0.0078125","2180","0.00047060573693682127","32","0.00047060573693682127","0","0.00047060573693682127","0.00047060573693682127","77:0.0050945533229438955;86:0.03931836652750503;84:0.03452729971484092","77:68;86:68;84:68","77:0.004795089004086706;86:0.03376105391069506;84:0.039300142465499066","0.0108642578125","0.360595703125","Yes"
"86","177.21532523222797","24.47686927532312","0.0059814453125","0.010901526835656107","0.00927734375","0.002685546875","2180","0.00025446149029612986","32","0.00025446149029612986","0","0.00025446149029612986","0.00025446149029612986","85:0.03931836652750503;87:0.03358136184867841","85:68;87:68","85:0.03376105391069506;87:0.015594142490656798","0.0059814453125","0.00390625","Yes"
"87","137.2550134464648","65.20149041123106","0.051025390625","0.003239145956358651","0.06005859375","0.0419921875","2180","0.00033188387982180823","32","0.00033188387982180823","0","0.00033188387982180823","0.00033188387982180823","86:0.03358136184867841;88:0.0018857125273329944;97:0.0018413629980770507","86:68;88:68;97:68","86:0.015594142490656798;88:0.0021982397051948377;97:0.0021005727490460424","0.051025390625","0.027587890625","Yes"
"88","254.60720626181546","20.31082933257671","0.0093994140625","0.0008772853586576403","0.0107421875","0.008056640625","2180","0.0002683005371916452","32","0.0002683005371916452","0","0.0002683005371916452","0.0002683005371916452","87:0.0018857125273329944;89:0.0031355326459350796","87:68;89:68","87:0.0021982397051948377;89:0.0014813342171701993","0.0093994140625","0.028076171875","Yes"
"89","272.55779280999707","199.53342778630704","0.00537109375","0.0007459126081367128","0.00732421875","0.00341796875","2180","0.00023690881271091482","32","0.00023690881271091482","0","0.00023690881271091482","0.00023690881271091482","90:0.0021216339497689696;88:0.0031355326459350796;78:0.0022733918563883904","90:68;88:68;78:68","90:0.0026949945205139714;88:0.0014813342171701993;78:0.0018770245932512586","0.00537109375","0.005859375","Yes"
"90","249.91978278436144","171.8068613427891","0.0072021484375","0.0009783057608155961","0.0107421875","0.003662109375","2180","0.000308279782392063","32","0.000308279782392063","0","0.000308279782392063","0.000308279782392063","89:0.0021216339497689696;91:0.0017240190517482656","89:68;91:68","89:0.0026949945205139714;91:0.0021429031042339564","0.0072021484375","0.004638671875","Yes"
"91","237.91009861957457","115.20694534501501","0.00732421875","0.001705674149387941","0.009033203125","0.005615234375","2180","0.00023898242223720855","32","0.00023898242223720855","0","0.00023898242223720855","0.00023898242223720855","98:0.0016046325712142928;90:0.0017240190517482656;92:0.001521913287966692","98:68;90:68;92:68","98:0.0015611923584263054;90:0.0021429031042339564;92:0.0016001412595554598","0.00732421875","0.003662109375","Yes"
"92","259.42892210946434","286.11248090093954","0.03271484375","","0.031005859375","0.034423828125","2180","0.00021387861864778234","32","0.00021387861864778234","0","0.00021387861864778234","0.00021387861864778234","91:0.001521913287966692;93:0.0013970168758513923","91:68;93:68","91:0.0016001412595554598;93:0.0015730584862979347","0.03271484375","0.139404296875","Yes"
"93","315.7786799180123","63.33111239890951","0.0098876953125","0.004152745969563413","0.009033203125","0.0107421875","2180","0.00022070643664509132","32","0.00022070643664509132","0","0.00022070643664509132","0.00022070643664509132","94:0.001636384421661613;79:0.001808758774416136;92:0.0013970168758513923","94:68;79:68;92:68","94:0.001161956839975914;79:0.0012685279803769656;92:0.0015730584862979347","0.0098876953125","0.007080078125","Yes"
"94","165.59016137830736","61.99580668547828","0.014892578125","0.000042398254263695015","0.012939453125","0.016845703125","2180","0.00015500210162804973","32","0.00015500210162804973","0","0.00015500210162804973","0.00015500210162804973","93:0.001636384421661613;95:0.0016509554517771807","93:68;95:68","93:0.001161956839975914;95:0.0011922679334440134","0.014892578125","0.02001953125","Yes"
"95","408.57832390170887","426.9331281379156","0.0064697265625","0.002789427680970334","0.0068359375","0.0068359375","2180","0.0004008085962820605","32","0.0004008085962820605","0","0.0004008085962820605","0.0004008085962820605","99:0.0022376253690358228;94:0.0016509554517771807","99:68;94:68","99:0.001996356971174007;94:0.0011922679334440134","0.0064697265625","0.005126953125","Yes"
"96","288.91752185720753","170.4645246219597","0.0106201171875","0.019470548915642684","0.013671875","0.007568359375","2180","0.00026070985238590445","32","0.00026070985238590445","0","0.00026070985238590445","0.00026070985238590445","83:0.0014662565901761015;103:0.0012606306756996755","83:68;103:68","83:0.0011872554786416245;103:0.0015625459649551698","0.0106201171875","0.07177734375","Yes"
"97","163.59122786857463","76.6772314392519","0.006591796875","0.0004883504617106553","0.007568359375","0.005615234375","2180","0.0001504242331395081","32","0.0001504242331395081","0","0.0001504242331395081","0.0001504242331395081","87:0.0018413629980770507;107:0.001384786910487129","87:68;107:68","87:0.0021005727490460424;107:0.0015950154248023096","0.006591796875","0.00537109375","Yes"
"98","193.07127605670217","62.645674184713585","0.0076904296875","0.0019485391216532563","0.00830078125","0.007080078125","2180","0.0001902249806457385","32","0.0001902249806457385","0","0.0001902249806457385","0.0001902249806457385","91:0.0016046325712142928;111:0.00263827812361217","91:68;111:68","91:0.0015611923584263054;111:0.001471839307403855","0.0076904296875","0.016845703125","Yes"
"99","143.69468355753108","151.9196566947506","0.046875","","0.057373046875","0.036376953125","2180","0.0002086672056441193","32","0.0002086672056441193","0","0.0002086672056441193","0.0002086672056441193","115:0.0043780447970389325;95:0.0022376253690358228","115:68;95:68","115:0.018210789352194917;95:0.001996356971174007","0.046875","0.086669921875","Yes"
"100","166.249520311933","141.489972976894","0.009765625","0.0025371253499392433","0.014892578125","0.004638671875","2180","0.00029271779579549944","32","0.00029271779579549944","0","0.00029271779579549944","0.00029271779579549944","101:0.0015186489159361716","101:68","101:0.0017801445506080704","0.009765625","0.026123046875","Yes"
"101","356.4658352012333","217.96540891735336","0.028564453125","0.0011106356188744176","0.041015625","0.01611328125","2180","0.00020737645219798292","32","0.00020737645219798292","0","0.00020737645219798292","0.00020737645219798292","100:0.0015186489159361716;116:0.0018501049901009092;102:0.0011204666443436762","100:68;116:68;102:68","100:0.0017801445506080704;116:0.001526992283048867;102:0.0016649542326127864","0.028564453125","0.044677734375","Yes"
"102","298.00502852222417","217.63455309605536","0.0167236328125","0.00441278241677914","0.024658203125","0.0087890625","2180","0.00017906602402173815","32","0.00017906602402173815","0","0.00017906602402173815","0.00017906602402173815","101:0.0011204666443436762;103:0.0063723000091623905","101:68;103:68","101:0.0016649542326127864;103:0.0037002412391457518","0.0167236328125","0.0302734375","Yes"
"103","177.85933723107246","75.31699342534232","0.010498046875","0.014827010819499994","0.014892578125","0.006103515625","2180","0.00014671596959582177","32","0.00014671596959582177","0","0.00014671596959582177","0.00014671596959582177","104:0.00164908529795596;96:0.0012606306756996755;102:0.0063723000091623905","104:68;96:68;102:68","104:0.0013339446269415578;96:0.0015625459649551698;102:0.0037002412391457518","0.010498046875","0.018798828125","Yes"
"104","276.11438743162404","281.33358902567323","0.00732421875","0.002940645868860628","0.01171875","0.0029296875","2180","0.000265050903316188","32","0.000265050903316188","0","0.000265050903316188","0.000265050903316188","103:0.00164908529795596;105:0.0017222970465012866","103:68;105:68","103:0.0013339446269415578;105:0.001427241970278853","0.00732421875","0.0078125","Yes"
"105","247.76933315072824","242.42529159409077","0.0057373046875","0.0012213787359584107","0.008056640625","0.00341796875","2180","0.0002397236918187088","32","0.0002397236918187088","0","0.0002397236918187088","0.0002397236918187088","104:0.0017222970465012866;106:0.0015171303580533146;117:0.0017829037410967419","104:68;106:68;117:68","104:0.001427241970278853;106:0.0014261132251882913;117:0.0016898505743651315","0.0057373046875","0.00341796875","Yes"
"106","148.1711949674846","178.80510951557528","0.009033203125","0.001628808244498682","0.011962890625","0.006103515625","2180","0.0003285877604326219","32","0.0003285877604326219","0","0.0003285877604326219","0.0003285877604326219","107:0.00245328093957467;105:0.0015171303580533146","107:68;105:68","107:0.0017678053375635716;105:0.0014261132251882913","0.009033203125","0.00439453125","Yes"
"107","310.7361495806074","250.08822029550188","0.0076904296875","0.001953277535064912","0.010498046875","0.0048828125","2180","0.00009932658667784255","32","0.00009932658667784255","0","0.00009932658667784255","0.00009932658667784255","106:0.00245328093957467;108:0.0017213781774915726;97:0.001384786910487129","106:68;108:68;97:68","106:0.0017678053375635716;108:0.0017498862511785285;97:0.0015950154248023096","0.0076904296875","0.003662109375","Yes"
"108","128.0780573201492","198.94821530344962","0.0128173828125","0.003041594007334162","0.01416015625","0.011474609375","2180","0.00040696688048661784","32","0.00040696688048661784","0","0.00040696688048661784","0.00040696688048661784","107:0.0017213781774915726;109:0.0015200694826726646","107:68;109:68","107:0.0017498862511785285;109:0.0012566691000409913","0.0128173828125","0.007080078125","Yes"
"109","264.94372749878346","238.93237503636726","0.006591796875","0.0005370677923009116","0.0087890625","0.00439453125","2180","0.00023843887442218746","32","0.00023843887442218746","0","0.00023843887442218746","0.00023843887442218746","108:0.0015200694826726646;110:0.0018906758236140464;118:0.0021896055592045827","108:68;110:68;118:68","108:0.0012566691000409913;110:0.002422806583785242;118:0.003145630245580927","0.006591796875","0.005126953125","Yes"
"110","243.48765469015626","133.991407734079","0.0078125","0.0017370858283544382","0.010498046875","0.005126953125","2180","0.00022906988595867975","32","0.00022906988595867975","0","0.00022906988595867975","0.00022906988595867975","109:0.0018906758236140464;111:0.0021152588861343136","109:68;111:68","109:0.002422806583785242;111:0.0015625845192764054","0.0078125","0.004638671875","Yes"
"111","351.73424340253996","205.76962265665313","0.0135498046875","0.002678214848513932","0.015869140625","0.01123046875","2180","0.00011908442662121153","32","0.00011908442662121153","0","0.00011908442662121153","0.00011908442662121153","112:0.2278154805696425;110:0.0021152588861343136;98:0.00263827812361217","112:68;110:68;98:68","110:0.0015625845192764054;98:0.001471839307403855","0.0135498046875","0.056884765625","Yes"
"112","200.95229295899475","229.88452167973745","0.0494384765625","","0.078125","0.029541015625","2180","","32","","0","","","111:0.2278154805696425","111:68;113:68","","0.0494384765625","0.060791015625","Yes"
"113","201.18657557206055","96.91649911753707","0.1893310546875","","0.239013671875","0.1396484375","2180","","32","","0","","","119:0.004369365713916579;114:0.0024734225547323185","119:68;112:68;114:68","119:0.002891514428564834;114:0.0063413854781434464","0.1893310546875","0.205810546875","Yes"
"114","330.36110046160553","38.85740895213534","0.0211181640625","","0.02294921875","0.019287109375","2180","0.00012773754230041936","32","0.00012773754230041936","0","0.00012773754230041936","0.00012773754230041936","115:0.006567092105374567;113:0.0024734225547323185","115:68;113:68","115:0.007505293147290981;113:0.0063413854781434464","0.0211181640625","0.015625","Yes"
"115","320.7707097776248","14.250388572342727","0.0167236328125","","0.019775390625","0.013671875","2180","0.00023674097399563034","32","0.00023674097399563034","0","0.00023674097399563034","0.00023674097399563034","99:0.0043780447970389325;114:0.006567092105374567","99:68;114:68","99:0.018210789352194917;114:0.007505293147290981","0.0167236328125","0.017578125","Yes"
"116","292.0130221904413","162.62480548356604","0.038818359375","","0.03662109375","0.041015625","2180","0.0006246319890298384","32","0.0006246319890298384","0","0.0006246319890298384","0.0006246319890298384","101:0.0018501049901009092;121:0.07635767979061045","101:68;121:68","101:0.001526992283048867;121:0.06606207993103677","0.038818359375","0.084228515625","Yes"
"117","316.2594033349961","217.6207216087687","0.005859375","0.0025764049490546127","0.0078125","0.00390625","2180","0.00024816728780417284","32","0.00024816728780417284","0","0.00024816728780417284","0.00024816728780417284","105:0.0017829037410967419;125:0.0019734348745288066","105:68;125:68","105:0.0016898505743651315;125:0.002404401092488434","0.005859375","0.00244140625","Yes"
"118","280.8138877352375","134.48161694866943","0.0076904296875","0.0014506213573268869","0.011474609375","0.00390625","2180","0.0001910504561127961","32","0.0001910504561127961","0","0.0001910504561127961","0.0001910504561127961","109:0.0021896055592045827;129:0.00161343640631198","109:68;129:68","109:0.003145630245580927;129:0.002354355146345466","0.0076904296875","0.004638671875","Yes"
"119","186.795115188088","182.5390090153795","0.015869140625","","0.020263671875","0.011474609375","2180","0.0011732048912746695","32","0.0011732048912746695","0","0.0011732048912746695","0.0011732048912746695","113:0.004369365713916579;133:0.029395163932102703","113:68;133:68","113:0.002891514428564834;133:0.04968115137041698","0.015869140625","0.01953125","Yes"
"120","92.96583693490719","119.8933426383034","0.43017578125","","0.16064453125","0.69970703125","2180","0.027678950862587728","32","0.027678950862587728","0","0.027678950862587728","0.027678950862587728","121:0.14023386483772426","121:68","","0.43017578125","0.220947265625","Yes"
"121","8.899288801871554","25.636631187774977","0.2347412109375","","0.27978515625","0.189697265625","2180","","32","","0","","","120:0.14023386483772426;122:0.07095505311897202;116:0.07635767979061045","120:68;122:68;116:68","122:0.07010876778214725;116:0.06606207993103677","0.2347412109375","0.235107421875","Yes"
"122","288.54819116097855","241.59121202606448","0.0185546875","0.0032059433493247724","0.032470703125","0.004638671875","2180","0.0001741223577228593","32","0.0001741223577228593","0","0.0001741223577228593","0.0001741223577228593","121:0.07095505311897202;123:0.0023598044000878726","121:68;123:68","121:0.07010876778214725;123:0.0015420798895574295","0.0185546875","0.00439453125","Yes"
"123","232.71683921981082","26.376224850854985","0.010009765625","0.004169986763083619","0.010498046875","0.009521484375","2180","0.00029779683804296637","32","0.00029779683804296637","0","0.00029779683804296637","0.00029779683804296637","136:0.0017851654301122288;124:0.0010496629694696502;122:0.0023598044000878726","136:68;124:68;122:68","136:0.001780570038366347;124:0.0015904008383358648;122:0.0015420798895574295","0.010009765625","0.008544921875","Yes"
"124","164.2751994020088","127.05715431507632","0.007568359375","0.0035962067491091157","0.010009765625","0.005126953125","2180","0.0001470362537362591","32","0.0001470362537362591","0","0.0001470362537362591","0.0001470362537362591","123:0.0010496629694696502;125:0.0018667019188061962","123:68;125:68","123:0.0015904008383358648;125:0.001409018090476638","0.007568359375","0.006103515625","Yes"
"125","337.3082056916982","296.02165058138104","0.0306396484375","","0.02880859375","0.032470703125","2180","0.0004564045339358848","32","0.0004564045339358848","0","0.0004564045339358848","0.0004564045339358848","117:0.0019734348745288066;124:0.0018667019188061962;126:0.0018668838537718724","117:68;124:68;126:68","117:0.002404401092488434;124:0.001409018090476638;126:0.001193660178398337","0.0306396484375","0.115478515625","Yes"
"126","225.6538861984986","294.55254584610054","0.005615234375","0.0021793327377090765","0.009033203125","0.002197265625","2180","0.0002779130383361358","32","0.0002779130383361358","0","0.0002779130383361358","0.0002779130383361358","127:0.0009240405959339559;125:0.0018668838537718724","127:68;125:68","127:0.0010539494678166728;125:0.001193660178398337","0.005615234375","0.010009765625","Yes"
"127","219.7335290311085","158.0065014639496","0.0592041015625","","0.054931640625","0.0634765625","2180","0.00033013877912081","32","0.00033013877912081","0","0.00033013877912081","0.00033013877912081","126:0.0009240405959339559;128:0.002654243676316309;137:0.0011288936087250623","126:68;128:68;137:68","126:0.0010539494678166728;128:0.0015793168696803805;137:0.0011392686746757585","0.0592041015625","0.14404296875","Yes"
"128","295.4569714876065","60.533794281061404","0.0069580078125","0.002143237774797507","0.010986328125","0.0029296875","2180","0.00022303670693928825","32","0.00022303670693928825","0","0.00022303670693928825","0.00022303670693928825","127:0.002654243676316309;129:0.0017744937342156764","127:68;129:68","127:0.0015793168696803805;129:0.0013678851217946708","0.0069580078125","0.004638671875","Yes"
"129","322.91881303757447","141.58542796131707","0.0078125","0.007593284868033648","0.01171875","0.00439453125","2180","0.00021954546732921618","32","0.00021954546732921618","0","0.00021954546732921618","0.00021954546732921618","130:0.004533856455874258;128:0.0017744937342156764;118:0.00161343640631198","130:68;128:68;118:68","130:0.004319990302244142;128:0.0013678851217946708;118:0.002354355146345466","0.0078125","0.048583984375","Yes"
"130","191.61055222310793","156.146991958415","0.026611328125","0.0028123432637404203","0.042724609375","0.010498046875","2180","0.00022643875862467762","32","0.00022643875862467762","0","0.00022643875862467762","0.00022643875862467762","129:0.004533856455874258","129:68;131:68","129:0.004319990302244142","0.026611328125","0.02734375","Yes"
"131","62.113574317651235","61.904492849659015","0.0482177734375","","0.06591796875","0.030517578125","2180","0.002972460112366963","32","0.002972460112366963","0","0.002972460112366963","0.002972460112366963","138:0.013583919404341782;132:0.011441158091167553","138:68;130:68;132:68","138:0.01256474534839025;132:0.011120597558319067","0.0482177734375","0.13623046875","Yes"
"132","313.93652238136247","187.88966682871612","0.0096435546875","0.00431545999676295","0.0107421875","0.008544921875","2180","0.00022044472140950972","32","0.00022044472140950972","0","0.00022044472140950972","0.00022044472140950972","133:0.0030474282434199695;131:0.011441158091167553","133:68;131:68","133:0.0016278666647493167;131:0.011120597558319067","0.0096435546875","0.022216796875","Yes"
"133","94.49623629855631","78.69937221651597","0.0076904296875","0.003667143830245673","0.00732421875","0.008056640625","2180","0.0003923920507195863","32","0.0003923920507195863","0","0.0003923920507195863","0.0003923920507195863","132:0.0030474282434199695;134:0.003567929315982238;119:0.029395163932102703","132:68;134:68;119:68","132:0.0016278666647493167;134:0.0017590249110338019;119:0.04968115137041698","0.0076904296875","0.021484375","Yes"
"134","119.66473058886169","83.34230852760882","0.0037841796875","0.00610382166744336","0.006103515625","0.00146484375","2180","0.00043558640317488173","32","0.00043558640317488173","0","0.00043558640317488173","0.00043558640317488173","133:0.003567929315982238;135:0.003203168979535015","133:68;135:68","133:0.0017590249110338019;135:0.002758693645863397","0.0037841796875","0.00439453125","Yes"
"135","128.5083295678062","120.66466008791643","0.015625","0.0070295615463751415","0.019775390625","0.011474609375","2180","0.0004906502508368432","32","0.0004906502508368432","0","0.0004906502508368432","0.0004906502508368432","134:0.003203168979535015;139:0.0022953279610230526","134:68;139:68","134:0.002758693645863397;139:0.0019486287772401134","0.015625","0.028076171875","Yes"
"136","183.10922810392495","83.07196538976069","0.01171875","0.0011679131992602305","0.01318359375","0.01025390625","2180","0.0005375575375125013","32","0.0005375575375125013","0","0.0005375575375125013","0.0005375575375125013","123:0.0017851654301122288;143:0.0021325117917279923","123:68;143:68","123:0.001780570038366347;143:0.0026128865175271965","0.01171875","0.0087890625","Yes"
"137","257.4872441189584","20.54923109928357","0.0126953125","0.001935577080214837","0.013427734375","0.011962890625","2180","0.0003170214902367266","32","0.0003170214902367266","0","0.0003170214902367266","0.0003170214902367266","147:0.0030456955624067195;127:0.0011288936087250623","147:68;127:68","147:0.002771795829512841;127:0.0011392686746757585","0.0126953125","0.006591796875","Yes"
"138","314.81645137649656","123.17108308340738","0.01123046875","0.008444300443709874","0.010986328125","0.011474609375","2180","0.00013915598020943388","32","0.00013915598020943388","0","0.00013915598020943388","0.00013915598020943388","151:0.0014227879157136802;131:0.013583919404341782","151:80;131:68","151:0.0014525694139509437;131:0.01256474534839025","0.01123046875","0.0107421875","Yes"
"139","169.32180534847043","21.12153944339069","0.01611328125","0.0026272655416448355","0.015869140625","0.016357421875","2180","0.0004066047278261881","32","0.0004066047278261881","0","0.0004066047278261881","0.0004066047278261881","155:0.006923104632071464;135:0.0022953279610230526","155:68;135:68","155:0.00462105350049663;135:0.0019486287772401134","0.01611328125","0.00927734375","Yes"
"140","290.9093802440202","338.77573787968157","0.0103759765625","0.0028486206934800226","0.013671875","0.007080078125","2180","0.00019031536537120403","32","0.00019031536537120403","0","0.00019031536537120403","0.00019031536537120403","141:0.0009676341205050454","141:68","141:0.001097870112195004","0.0103759765625","0.006103515625","Yes"
"141","364.3404529067783","190.93948648206046","0.00732421875","0.001742522334804061","0.00927734375","0.00537109375","2180","0.00010131760668775478","32","0.00010131760668775478","0","0.00010131760668775478","0.00010131760668775478","140:0.0009676341205050454;142:0.0011407852228376425","140:68;142:68","140:0.001097870112195004;142:0.0019591248201420164","0.00732421875","0.002197265625","Yes"
"142","204.66276259676619","138.988529667712","0.010986328125","0.0071012342524962606","0.012451171875","0.009521484375","2180","0.0001464479091128447","32","0.0001464479091128447","0","0.0001464479091128447","0.0001464479091128447","143:0.0017583490133190882;141:0.0011407852228376425","143:68;141:68","143:0.00231812447357288;141:0.0019591248201420164","0.010986328125","0.008056640625","Yes"
"143","323.5867576094542","38.503299611719584","0.0072021484375","0.006264161642877866","0.0078125","0.006591796875","2180","0.00023738550438167667","32","0.00023738550438167667","0","0.00023738550438167667","0.00023738550438167667","142:0.0017583490133190882;144:0.0020599548686002223;136:0.0021325117917279923","142:68;144:68;136:68","142:0.00231812447357288;144:0.0016270353303553253;136:0.0026128865175271965","0.0072021484375","0.01220703125","Yes"
"144","310.79357293716276","377.98699891844956","0.0093994140625","0.004348746489928215","0.01123046875","0.007568359375","2180","0.0001768697334848442","32","0.0001768697334848442","0","0.0001768697334848442","0.0001768697334848442","145:0.005782535807058398;143:0.0020599548686002223","145:68;143:68","145:0.01112342564359961;143:0.0016270353303553253","0.0093994140625","0.00634765625","Yes"
"145","305.7279491155292","149.64420045123774","0.0157470703125","0.008012722991721908","0.016357421875","0.01513671875","2180","0.0010518011091717424","32","0.0010518011091717424","0","0.0010518011091717424","0.0010518011091717424","144:0.005782535807058398","144:68;146:68","144:0.01112342564359961","0.0157470703125","0.0224609375","Yes"
"146","","","0.494140625","","0.51123046875","0.494384765625","2180","","32","","0","","","","145:68;147:68","","0.494140625","0.495849609375","Yes"
"147","133.26997693629374","70.61337469368762","0.00927734375","0.0004882944576283574","0.01220703125","0.00634765625","2180","0.0010094612014785705","32","0.0010094612014785705","0","0.0010094612014785705","0.0010094612014785705","148:0.0027205819409834853;137:0.0030456955624067195","148:68;137:68;146:68","148:0.0028084579750376204;137:0.002771795829512841","0.00927734375","0.007568359375","Yes"
"148","243.80090291379616","205.11943008564907","0.005615234375","0.0004916480571796443","0.006103515625","0.005126953125","2180","0.00018529906419597304","32","0.00018529906419597304","0","0.00018529906419597304","0.00018529906419597304","147:0.0027205819409834853;149:0.0017330478461635435","147:68;149:68","147:0.0028084579750376204;149:0.0024147077718005283","0.005615234375","0.002197265625","Yes"
"149","430.0445112314417","500.7205421500013","0.0040283203125","0.00438902025502843","0.005126953125","0.0029296875","2180","0.00023712823214465032","32","0.00023712823214465032","0","0.00023712823214465032","0.00023712823214465032","150:0.0024669149217200204;148:0.0017330478461635435","150:68;148:68","150:0.0022662720167661854;148:0.0024147077718005283","0.0040283203125","0.005615234375","Yes"
"150","395.1306212120399","408.68888114614685","0.011474609375","0.0038985527527828495","0.012939453125","0.010009765625","2180","0.0002730833329874753","32","0.0002730833329874753","0","0.0002730833329874753","0.0002730833329874753","149:0.0024669149217200204;151:0.003053835516134945","149:68;151:68","149:0.0022662720167661854;151:0.0019963647266603435","0.011474609375","0.0068359375","Yes"
"151","307.4713537877021","75.44522260930519","0.0072021484375","0.001893501434051289","0.004150390625","0.01025390625","2180","0.00010941860454925994","32","0.00010941860454925994","0","0.00010941860454925994","0.00010941860454925994","138:0.0014227879157136802;152:0.001336412852743718;150:0.003053835516134945","138:80;152:68;150:68","138:0.0014525694139509437;152:0.001966521865723825;150:0.0019963647266603435","0.0072021484375","0.006591796875","Yes"
"152","289.9673937376728","111.50119187813554","0.0107421875","0.0034723630237029706","0.012939453125","0.008544921875","2180","0.0001839861414501592","32","0.0001839861414501592","0","0.0001839861414501592","0.0001839861414501592","151:0.001336412852743718;153:0.0010151846292272282","151:68;153:68","151:0.001966521865723825;153:0.0015207596390668654","0.0107421875","0.008544921875","Yes"
"153","541.6818721873751","271.406511402893","0.03515625","","0.0400390625","0.0302734375","2180","0.0001293521625196589","32","0.0001293521625196589","0","0.0001293521625196589","0.0001293521625196589","152:0.0010151846292272282;154:0.004916647789748041","152:68;154:68","152:0.0015207596390668654;154:0.0037299369053461207","0.03515625","0.0205078125","Yes"
"154","278.42983078956684","138.01612902424986","0.0078125","0.002685005232906495","0.0068359375","0.0087890625","2180","0.00024193957880118416","32","0.00024193957880118416","0","0.00024193957880118416","0.00024193957880118416","153:0.004916647789748041;155:0.0015204835047819276","153:68;155:68","153:0.0037299369053461207;155:0.0015764729778792452","0.0078125","0.013671875","Yes"
"155","144.30923101627965","159.86918155747745","0.0146484375","0.008301647168199701","0.018310546875","0.010986328125","2180","0.00020505786463860057","32","0.00020505786463860057","0","0.00020505786463860057","0.00020505786463860057","139:0.006923104632071464;154:0.0015204835047819276","139:68;154:68","139:0.00462105350049663;154:0.0015764729778792452","0.0146484375","0.0068359375","Yes"